A black dog is running after a white dog in the snow ., dog, running,snow,,,
A little baby plays croquet ., baby, plays, croquet,,,
A brown dog in the snow has something hot pink in its mouth ., dog, has, pink,,,
A brown dog is running along a beach ., dog, running, beach,,,
A black and white dog with a red Frisbee standing on a sandy beach ., dog, standing, beach,,,
A cyclist wearing a red helmet is riding on the pavement ., cyclist, riding, pavement,,,
A man dressed in a purple shirt and red bandanna smiles at the people watching him ., people, watching, him,,,
A boy wearing a red t-shirt is running through woodland ., boy, running, woodland,,,
A girl in a white dress ., girl, in, dress,,,
A skier in a yellow jacket is airborne above the mountains ., skier, airborne, mountains,,,
A photographer looks over the hills ., photographer, looks, hills,,,
A bunch of girls in cheerleader outfits ., bunch, of, girls,,,
A blue boat with a yellow canopy is floating on calm waters ., boat, floating, waters,,,
A dog catches a Frisbee in midair ., dog, catches, Frisbee,,,
A little old lady sitting next to an advertisement ., lady, next_to, advertisement,,,
A blond girl wearing a green jacket walks on a trail along side a metal fence ., girl, walks, trail,,,
A family of nine people , including four children , pose in front of a brick fireplace with a white mantle ., family, pose, fireplace,
Man in a sweater pointing at the camera ., Man, in, sweater,,,
A dog looks warily at the brown dog investigating his area ., dog, looks, dog,,,
three children in a field with white flowers, children, in, field,,,
a boy in a red shirt , in front of a long blue wall , raises his eyebrow at the camera, boy, raises, eyebrow,
A brown dog is carrying a wet stick on the shore of the ocean ., dog, carrying, stick,,,
Two dogs are racing on a ractrack ., dogs, racing, ractrack,,,
A baseball pitcher with Shelton on his shirt throws the ball ., pitcher, throws, ball,,,
A brown dog wades through water and walks toward a rock ., dog, wades, water,,,
A group of 5 girls in school uniforms are standing together and waiting to cross the street while one girl takes a picture ., girl, takes, picture,,,
A boy wearing a jean jacket with his hand on his chest smiling at the camera ., jean, wearing, jacket,,,
A group of people in front of a house ., group, of, people,,,
A woman stands in front of a display case and another woman looks at a digital camera, front, looks, camera,,,
A snowboarder jumps high into the air off of a snowy ramp ., snowboarder, jumps, high,,,
A group of mountain climbers, group, of, climbers,,,
A black and white dog is jumping through a black and white hoop ., dog, jumping, hoop,,,
A girl using a laptop , another girl , and a boy looking at his cellphone ., girl, at, cellphone,
A dog races while wearing number 6 ., dog, wearing, number,,,
A group of people stand at the edge of a cliff over the ocean ., group, stand, edge,,,
A couple holding hands and another woman are walking down a wooded trail ., couple, walking, trail,,,
A car sponsored by Riwal is smoking its tires on a wet road ., car, smoking, tires,,,
A bearded man wearing a bandanna is pointing his finger whilst riding a bicycle ., man, pointing, finger,,,
A crowd of people waving red flags are passing under a bridge ., crowd, passing, bridge,,,
A man in sunglasses gets ready to pull a chair out to sit down for his meal ., man, in, sunglasses,,,
A boy holding a racket is standing in the grass ., boy, standing, grass,,,
Two blond girls are playing together ., girls, playing, are,,,
Four bicyclists ride along a dirt road between two wire fences ., bicyclists, ride, road,,,
A dog climbing a steep dirt hill ., dirt, climbing, hill,,,
A child spins on a merry-go-round ., child, spins, merry-go-round,,,
a brown dog is jumping up at a woman who is wearing a brown skirt ., dog, jumping, woman,,,
A man in the dooorway of a bus looking onward ., man, in, dooorway,,,
A little girl is peaking out from behind a tree ., girl, peaking, is,,,
A group of people hold drinks and point at the camera ., group, hold, drinks,,,
A border collie jumps over a bed with a tennis ball in its mouth ., collie, jumps, bed,,,
A climber walks along a snowy peak ., climber, walks, peak,,,
A white dog chasing a black dog across the grass ., dog, across, grass,,,
A black race car spins its tires while smoke comes out ., car, spins, tires,,,
A person behind some bags inside an igloo ., person, behind, bags,,,
A brown dog drinks from a body of water ., drinks, from, body,,,
A man wearing a black hat is walking through a busy city street ., man, walking, street,,,
A brown dog chases something a man behind him threw on the beach ., dog, chases, something,,,
A woman taking a photo standing next to a tall man and in front of another man who is also taking a photo ., who, taking, photo,,,
A man is skiing down a mountain with another large mountain behind him and a river between the mountains ., man, skiing, mountain,,,
A boy climbing a rock face, rock, climbing, face,,,
A brown dog is standing in a lake ., dog, standing, lake,,,
A dog plays with a toy in the grass ., dog, plays, toy,,,
A elderly man in a straw hat is sitting on a bench ., man, sitting, bench,,,
A dark-haired man in a red t-shirt , with a beard , playing the guitar in a park ., man, in, t-shirt,
Two black dogs are jumping and playing with a yellow tennis ball in the snow ., dogs, jumping, ball,,,
An attractive woman holds a halo above her head ., woman, holds, halo,,,
An elderly person with a white hat is reading a paperback book ., person, reading, book,,,
A looker on catches a motocross bike on its side after a spill while another races by ., looker, motocross, bike,,,
The men are climbing ., men, climbing, are,,,
A skateboarder jumps off his skateboard in midair in hopes of landing back on it ., skateboarder, jumps, skateboard,,,
A dark colored man is holding a protest banner in a busy city street with people staring from behind ., man, holding, banner,,,
A man is wearing a blue shirt with the word Mambo on it ., man, wearing, shirt,,,
A man in black shirt sits on a stool while trying to sell stuffed animals ., man, sits, stool,,,
A guy in navy blue and yellow shorts jumping into a pool ., guy, in, navy,,,
A boy jumps from the top of a blue plastic slide ., boy, jumps, top,,,
A man is playing with a fire baton in the day light ., man, playing, baton,,,
A brown dog playing with bubbles ., dog, with, bubbles,,,
A guy with a scarf and woven toboggan ., guy, with, scarf,,,
A boy sitting down smiling for the picture ., boy, for, picture,,,
A black dog and a woman in a red shirt playing tug of war ., dog, in, shirt,,,
A group of people surf on a very large wave ., group, of, surf,,,
A man rides a bike on a dirt path ., rides, on, path,,,
There are two women crossing the street in front of two buses ., street, in_front_of, buses,,,
A group of people walk down a city street at night ., group, walk, street,,,
A skateboarder is jumping almost as high as a building ., skateboarder, jumping, building,,,
A man in a red soccer uniform getting ready to kick the ball ., soccer, kick, ball,,,
A boy cheerleader has a girl cheerleader on his knee ., cheerleader, has, cheerleader,,,
A driver is at the wheel of a race car ., driver, is, wheel,,,
A girl wearing white polka dots and black boots walks and a woman in a blue outfit hurridly walks behind her ., woman, walks, her,,,
A man and woman walk away from the camera as a redheaded man walks in the other direction ., man, walk, camera,,,
A blonde woman in blue shorts walks on the beach carrying her shoes ., woman, walks, beach,,,
A cute puppy fetches a yellow ring chew toy in the yard ., ring, chew, toy,,,
a boy in blue shirt splashing in water under a dock, boy, splashing, water,,,
A little girl dances in a room with balloons on the floor ., dances, in, room,,,
A lady and her little girl are holding hands and walking up the sidewalk ., lady, holding, hands,,,
a boy in a blue shirt is walking along a tan and blue wall, boy, walking, tan,,,
A tent is being set up on the ice ., set, on, ice,,,
A few girls with green foam statue of liberty hats on a train, girls, with, statue,,,
Two brown dogs are playing with a red ball ., dogs, playing, ball,,,
A boy baseball player in a green and yellow jersey leaps for the ball ., player, leaps, ball,,,
A group of climbers begin up a sheer rock face ., group, begin, face,,,
A child sits in a plastic toy car ., child, sits, car,,,
"two girls hold up a card reading "" know what this is "" ?", this, is, what,,,
A dog runs holding a yellow dog toy in fall , bench in the background ., bench, in, background,,
a blond girl in a pink bathing suit running through the sprinklers, girl, in, suit,,,
A child is sliding into a small pool ., child, sliding, pool,,,
A lone snowboarder wearing a white jacket jumping into the air on the snowy mountains ., snowboarder, into, air,,,
A boy being pulled on a shovel ., boy, on, shovel,,,
A person is standing on a brick ledge taking a picture of something in the distance ., person, standing, ledge,,,
A black dog and a brown dog with a yellow foam soccer ball toy on a grassy field, dog, with, toy,,,
a little girl ends up at the bottom of the slide ., girl, ends, bottom,,,
A man dressed in a green jacket is playing piano while a woman sings ., man, playing, piano,,,
A big black dog bares its teeth while running through the snow ., dog, bares, teeth,,,
A curly haired woman plays the violin ., woman, plays, violin,,,
An elderly woman is wearing a pink striped shirt ., woman, wearing, shirt,,,
a boy carries a teenager on his back ., boy, carries, teenager,,,
a man wears a red bandanna, man, wears, bandanna,,,
A grey bird stands majestically on a beach while waves roll in ., bird, stands, beach,,,
A boy hanging onto a pole ., boy, onto, pole,,,
a girl wearing pink bounces on a bed, pink, bounces, bed,,,
A boy takes a jump on his skateboard while another boy with a skateboard watches ., boy, takes, jump,,,
A black and white bird eating seeds out of someone 's hand, bird, of, hand,,,
A guy tries to climb a stone cliff while his friend helps him ., friend, helps, him,,,
A bicycle rider flies over a hill while a competitor is not far behind ., rider, flies, hill,,,
A crowd is standing and cheering at a football game ., crowd, standing, game,,,
An athlete performs the high jump ., athlete, performs, jump,,,
a lone skier jumping on the side of a snowy mountain ., skier, on, side,,,
A black and brown dog is jumping on blocks of concrete in the water ., dog, jumping, blocks,,,
a black dog has caught a bird in its mouth ., dog, caught, bird,,,
A little girl in pajamas runs down a hall with hardwood floors ., girl, runs, floors,,,
A bunch of children sitting in chairs and standing on wooden floors ., bunch, of, children,,,
A dog in a snowy area ., dog, in, area,,,
A bunch on people are seated in a stadium ., seated, on, people,,,
A black dog running with a stuffed bird in its mouth and another dog chasing it ., dog, with, bird,,,
A man skis while wearing a parachute ., man, wearing, parachute,,,
A man skateboarding on the side of steps, man, on, side,,,
A group of four children wearing pajamas have a pillow fight ., group, have, fight,,,
A large , white bird skates across the top of some water ., bird, skates, top,,
A brown a dog and a black dog in the edge of the ocean with a wave under them boats are on the water in the background ., brown, are, water,,,
A black man in white shorts and a white man in black shorts boxing ., man, in, shorts,,,
A woman holding a baby and making faces at it ., woman, at, it,,,
The dogs are behind the fence ., dogs, are, fence,,,
A little girl holds the water hose for the dog to drink from ., girl, holds, hose,,,
A boy and girl in swimwear and arm floaters, boy, in, floaters,,,
A black dog is running very fast on a light brown ground ., dog, running, ground,,,
Lacrosse players struggling for control of the ball ., players, for, control,,,
A man in all black is using a green bike to trick over a sign saying ," "" Free Dinner "" .", man, using, bike,,
A kid doing a trick on a skateboard ., kid, on, skateboard,,,
A girl and guy holding signs and hugging ., girl, holding, A,,,
A boy dunks a basketball ., boy, dunks, basketball,,,
A guy is grinding a rail over a tree on his snowboard ., guy, grinding, rail,,,
A big brown dog jumps into a swimming pool on the backyard ., dog, jumps, pool,,,
a boy with his leg wrapped in blue tape, boy, with, leg,,,
A person in an airplane ., person, in, airplane,,,
A dog goes headfirst into the long grass from the sand ., dog, goes, grass,,,
A man and two women are inside a greenhouse holding gardening tools ., man, are, greenhouse,,,
a boy with a fishing pole looking down on a lake, pole, looking, lake,,,
Four boys are in the living room talking ., boys, are, talking,,,
A mother sits with three children as they eat ice cream ., mother, sits, children,,,
There is a college player being tackled in a game ., tackled, in, game,,,
A football fan showing his devotion by painting his face ., football, showing, devotion,,,
A man walking 3 dalmatians along a sunny street ., man, along, street,,,
People in white standing on sports field while crowd watches from stands, People, standing, field,,,
A man in a hat is displaying pictures next to a skier in a blue hat ., man, displaying, pictures,,,
Four guys playing soccer on the pavement ., guys, on, pavement,,,
Children in red shirts play in the leaves ., Children, play, leaves,,,
A man in a black jacket is taking a photo of a man in a red jacket ., man, taking, photo,,,
A white dog races a brown dog in a field of grass ., races, in, field,,,
a bicyclist jumping with his bike in midair, bicyclist, with, bike,,,
A boy in yellow is riding a scooter on the street ., boy, riding, scooter,,,
A boy is skating along a ledge in an indoor skate center ., boy, skating, ledge,,,
Children participate in a martial arts tournament ., Children, participate, tournament,,,
Two children and a black dog are playing out in the snow ., children, playing, snow,,,
A boy is grinding a skateboard down a concrete wall ., boy, grinding, skateboard,,,
A bearded man wears a red bandanna and a leather jacket over a teeshirt with an American flag on it ., man, wears, bandanna,,,
A dog chasing a ball indoors ., dog, chasing, ball,,,
A man is skating on a rail ., man, skating, rail,,,
A group of Indian men are just standing around with their arms crossed ., group, of, men,,,
A parachute caught on a tree with some people on the ground shining a light at it ., parachute, caught, tree,,,
A boy on a red snowboard is airborne ., boy, on, snowboard,,,
A boy does a skateboard trick off a metal plank ., boy, does, trick,,,
A couple look at some artwork ., look, at, artwork,,,
A man and woman walking on the sand with water in the background ., walking, on, sand,,,
A group of Chinese teenage girls walking ., group, of, girls,,,
a brown dog retrieves a ball on a green , slimy , rock covered beach, ball, covered, beach,
A lone hiker is sitting on a rock on a snowy mountain trail ., hiker, sitting, rock,,,
A dog in a grass field runs with a ball in its mouth ., dog, runs, ball,,,
A child in a grey jacket is running along a leafy path ., child, running, path,,,
A child in red jumps on a red object while others laugh ., child, in, jumps,,,
A boy in a hat stands barefoot at the edge of a body of water ., boy, stands, edge,,,
Two bald drag queens in red dresses, queens, in, dresses,,,
A brown dog is running on grass ., dog, running, grass,,,
A boy is jumping on skateboard in the middle of a red bridge ., boy, jumping, skateboard,,,
Three dogs looking at a cement ledge ., dogs, at, ledge,,,
A motocross rider is on a dirt hill ., rider, is, hill,,,
A brown dog running through the water ., dog, through, water,,,
A furry dog is running through a doorway leading to plants ., dog, running, doorway,,,
A little blonde toddler is wading in a baby pool ., toddler, wading, pool,,,
A crowd watches as two formula one cars leave the starting line ., formula, leave, line,,,
A group of sled dogs in harness is standing together in the snow ., group, standing, snow,,,
a brown dog retrieves a stick in a rocky river, dog, retrieves, stick,,,
A brown and white dog runs across the grass ., dog, runs, grass,,,
A boy climbs an indoor rock climbing wall ., boy, climbs, rock,,,
A dirt biker in the desert ., biker, in, desert,,,
A female toddler wearing a pink shirt is playing on a playground ., toddler, playing, playground,,,
A dog is running through the snow ., dog, running, snow,,,
a boy jumps into the pool ., boy, jumps, pool,,,
A child stands near a fence ., child, stands, fence,,,
A group of men play soccer on the field ., group, play, soccer,,,
a dog runs across the grass ., dog, runs, grass,,,
A surfer rides the crashing waves while another follows behind ., another, follows, behind,,,
A man is sitting on the sidewalk by a tree ., man, sitting, sidewalk,,,
A group of men play hockey in a stadium ., group, play, hockey,,,
A boy in swimming trunks is splashing in a swimming pool ., boy, splashing, pool,,,
An artist painting on a small canvas, artist, on, canvas,,,
a man riding a bike through the forest, man, through, forest,,,
A brown dog bares its fangs ., dog, bares, fangs,,,
A boys jumps into the water upside down ., boys, jumps, water,,,
A man with a white beard , a partially bald man and a woman with short hair posing for a picture, man, with, beard,,
Two bandmates in white play guitar ., bandmates, in, guitar,,,
A little girl dances in a grassy field , another girl is in the background ., dances, is, background,,
A lady riding a mini motorcycle, lady, riding, motorcycle,,,
A man and a boy behind the wheel of a car ., boy, behind, wheel,,,
A man does technical rock climbing ., man, does, climbing,,,
A flock of birds disturbed and in flight in front of a wall that has a mural of three women and a man ., that, has, mural,,,
a bride being escorted under an umbrella to a large black car, bride, under, umbrella,,,
A boy in a yellow polo standing in tall grass, boy, standing, grass,,,
A boy carries a boogieboard on the beach ., boy, carries, boogieboard,,,
A person on what appears to be a surfboard , rides the waves onto shore ., person, on, what,,
A woman floats with her face out of water in a pool with another woman nearby posing for the camera ., woman, floats, face,,,
A woman in a yellow coat is standing on a sidewalk ., woman, standing, sidewalk,,,
a lone woman wearing a bikini on a beach walking a dog on a leash, woman, on, beach,,,
A brown dog playing with a tennis ball on a beach, dog, with, ball,,,
A man with a blue shirt posing with a taller man in sunglasses, man, with, shirt,,,
A bunch of people near a christmas type tree ., bunch, of, people,,,
A group of young men sit on rock and look in the distance ., group, sit, rock,,,
Two brown dogs are running on the sand ., dogs, running, sand,,,
A young boy poses behind the netting of an enclosed play area while three other children play ., boy, poses, the,,,
Two black dogs in the snow ., dogs, in, snow,,,
A man in a swimsuit walks on a tightrope ., man, walks, tightrope,,,
A blond woman with her hand on the throat of a blond girl ., woman, with, hand,,,
A black puppy is biting a tree limb ., puppy, biting, limb,,,
A brown and white dog bares his teeth and grabs the head of another brown and white dog ., dog, bares, teeth,,,
A group of people cross the street with buckets and poles ., group, cross, street,,,
A girl in a gray shit is throwing her hands up ., girl, throwing, hands,,,
Three black dogs are on a beach ., dogs, are, beach,,,
A dog carries a newspaper through a kitchen ., dog, carries, newspaper,,,
A couple is sharing a kiss on a cold sunny day ., couple, sharing, kiss,,,
A little girl in an orange shirt is inside a corrugated metal tunnel ., girl, is, tunnel,,,
A large yellow vehicle leads two others in a race ., vehicle, leads, others,,,
An elephant draped in red , blue and gold fabric walking on a stone path ., elephant, draped, fabric,,
Children playing in a pool ., Children, in, pool,,,
The two dogs are white and black and are digging in the mud ., digging, in, mud,,,
A girl in a pink shirt tries to dump a bucket of water on another girl ., girl, in, shirt,,,
A boy jumps through the air onto something red ., boy, jumps, air,,,
A child in a red jacket sitting on a red disk in the snow ., child, in, jacket,,,
A boy wears a foam hat to show support for his team at a game ., boy, wears, hat,,,
A man riding a three wheeled vehicle topples over ., man, wheeled, topples,,,
A carnival worker surrounded by stuffed animals ., worker, surrounded, animals,,,
Naked children play on the muddy riverbank ., children, play, riverbank,,,
A group camps in a desolate area ., camps, in, area,,,
children smiling with facepaintings, children, with, facepaintings,,,
a basketball player dribbles ., basketball, player, a,,,
a group of people sitting around a table drinking tea or coffee, group, of, people,,,
A crane , wings outstreached , above the ocean ., crane, above, ocean,
A man doing a trick on skis ., man, on, skis,,,
A boy in football gear running with the football, boy, in, gear,,,
A girl carries a sign that reads The Rescue while a group of people follow her ., girl, carries, sign,,,
A boy does a trick on a skateboard ., boy, does, trick,,,
A big brown dog floats in a canoe on the river at sunset ., dog, floats, canoe,,,
a couple wearing bright outfits walking hand and hand on a sidewalk ., couple, on, sidewalk,,,
A family is playing on the beach with their dog ., family, playing, beach,,,
A man on inline-skates at a skate park, man, on, inline-skates,,,
A young couple kissing on a park bench ., couple, on, bench,,,
A brown dog in a blue collar is chasing a green ball through mulch ., dog, chasing, ball,,,
A Sooners football player in his red and white uniform being lifted by two teamates dressed the same ., player, dressed, same,,,
A woman is looking at dressed , headless mannequins in a store display ., mannequins, in, store,,
A girl is sitting on a rock next to a waterfall ., girl, sitting, rock,,,
A large yellow dog and a small white dog in the grass ., dog, in, grass,,,
Four boys hold toy guns while under a pavillion ., boys, hold, guns,,,
A man in sunglasses , blue shirt and beige pants walks across an athletic field ., man, walks, field,,
A beagle is playing in the grass ., beagle, playing, grass,,,
A crowd of children and some are wearing green costumes ., crowd, wearing, costumes,,,
A dog is leaping for a tennis ball ., dog, leaping, ball,,,
A man performing martial arts kicks his opponent ., man, kicks, opponent,,,
A little white dog runs out of a yellow tube while a man runs along clapping ., dog, runs, tube,,,
A brown dog jumps high in the grass ., dog, jumps, high,,,
A man and a woman on a ski lift ., woman, on, lift,,,
A dog shakes its head near the shore , a red ball next to it ., dog, shakes, head,,
A man in blue sits on a wall with bags ., man, sits, wall,,,
A horse jockey is riding on a course ., jockey, riding, course,,,
A lone performer or lecturer takes the stage in an urban setting , for a crowd of about 30 spectators ., performer, takes, stage,,
A lady with red hair is standing in front of a mixing table with another person behind her holding up their hands ., lady, standing, table,,,
A girl prepares herself for the swim meet ., girl, prepares, herself,,,
A man eating an apple , sitting in public ., man, in, public,,
A woman in brown shorts and green striped shirt stands with a small bag on her back ., woman, stands, bag,,,
A toddler starting at a clown walking down a snowy sidewalk ., toddler, at, clown,,,
A skydiver safely lands while another watches from the ground ., skydiver, while, watches,,,
Two brown and white dogs play roughly in a clearing of a wooded area ., dogs, play, clearing,,,
A climber on some rocks ., climber, on, rocks,,,
A backpacker in the mountains wearing an american flag ., backpacker, in, mountains,,,
A man in a cast uses a camcorder while another man watches him ., man, uses, camcorder,,,
A girl sitting on a trampoline tosses an empty water bottle in the air ., girl, tosses, bottle,,,
A black and white Border Collie catches a Frisbee in front of an audience ., Collie, catches, Frisbee,,,
A man and an old woman stand and look at somthing behind the photographer ., somthing, behind, photographer,,,
Two beach volleyball players walk and talk together on the sand ., players, walk, sand,,,
A boy reads a book ., boy, reads, book,,,
a man climbing a sheer rock wall, rock, climbing, wall,,,
A man on a bicycle jumping over a horizontal pole with a crowd in the background ., man, on, bicycle,,,
Two big German Shephard dogs play in the water ., dogs, play, water,,,
Adults , and children in school uniforms , move through a flock of pigeons ., Adults, in, uniforms,
A group of kids plays in the spray of water from a fountain ., group, plays, spray,,,
A man riding a skateboard jumps up on a wood ledge ., man, jumps, ledge,,,
A closeup of a girl from the backside playing a game on a screen ., closeup, of, girl,,,
A child is riding a unicycle along a riverside path next to a woman who is walking a dog ., child, riding, unicycle,,,
Kids playing on the rocks with a steamboat in the background ., Kids, on, rocks,,,
A dolphin above water, dolphin, above, water,,,
Two guys are playing horse shoe together ., guys, playing, shoe,,,
Asian women standing near a pole ., women, near, pole,,,
A group of greyhound dogs racing with muzzles covering their noses ., group, of, dogs,,,
A child jumps on a sand dune ., child, jumps, dune,,,
Two boys playing in the surf on the beach ., boys, in, surf,,,
A boy wearing a black and blue life vest is on a green , wooden boat looking out towards the water ., boy, is, boat,,
a boy drinks from a glass bottle ., drinks, from, bottle,,,
A boy on a playground swing strikes a medatative pose ., boy, on, swing,,,
A black and brown dog and a grey poodle sticking its butt in the air on the sand ., dog, in, air,,,
A man holding the hand of another man who has a tattoo on his arm ., who, has, tattoo,,,
A half naked man is sleeping on his chair outdoors ., man, sleeping, chair,,,
A dog running through a field with a ball in its mouth, dog, through, field,,,
A man at the top of a mountain with a beautiful view in the background, man, at, top,,,
A man and two kids standing in front of an ancient building ., man, in_front_of, building,,,
A brown dog with very floppy ears runs through a field of emerald grass ., dog, runs, field,,,
A woman , covered in a red and blue shawl , smoking a cigarette , eyes closed ., covered, in, shawl
A dog is running away in the grass, dog, running, grass,,,
A daschund with an open mouth appears to bark at a bubble making machine in the grass ., daschund, with, mouth,,,
A black dog is jumping through some water , while holding a stick in his mouth ., dog, jumping, water,,
A boy in a brown jacket holds a large chunk of snow ., boy, holds, chunk,,,
A man surfing a small wave and another man on a surfboard paddling toward it ., man, on, surfboard,,,
A child in winter gear is posing while a crowd of people sit and stand behind her ., crowd, sit, her,,,
A crowd of people with a lady with a bright orange shirt and another lady in black have their backs to the camera ., crowd, have, backs,,,
A football player in a gold helmet is running with a football ., player, running, football,,,
A black dog in running in a field ., dog, in, field,,,
A little boy playing with two rubber chickens ., boy, with, chickens,,,
A blonde woman wearing a white top and black bottoms pushes a black stroller while a brunette male wearing a gray t-shirt and white shorts walks a brown dog ., woman, pushes, stroller,,,
Two elderly females sitting on a white bench amongst trees ., females, on, bench,,,
a biker performs a trick in the air ., biker, performs, trick,,,
A black dog jumping over a hurdle ., dog, jumping, hurdle,,,
A brown , shaggy dog has a plastic snowman toy in his mouth ., dog, has, toy,,
A girl in a flower dress is running on sand ., girl, running, sand,,,
A girl in a pink tank top is sliding on a ledge on a skateboard ., girl, sliding, ledge,,,
The man wears a white hat and poses with a blonde woman and a black haired woman ., man, wears, hat,,,
A boy running through a grassy area in a park ., boy, through, area,,,
A big dog running through the water, dog, through, water,,,
A crowded street in Europe ., street, in, Europe,,,
an alley open to a couple of people walking by, open, to, couple,,,
A dog running out of the water onto the beach ., dog, out_of, water,,,
A cowboy is riding a horse whilst spinning a lasso around ., cowboy, riding, horse,,,
A backpacker hiking near a snowy mountain ., hiking, near, mountain,,,
A person in a red shirt holding a paper bag above a baggage cart ., paper, holding, bag,,,
A boy slides down a slide with his legs apart ., boy, slides, slide,,,
A child is jumping into an inflatable swimming pool ., child, jumping, pool,,,
A brown dog is running towards three other dogs ., dog, running, dogs,,,
A dog sledding team pulling a man wearing a bright orange jacket in the snow ., dog, pulling, man,,,
A man walking a small white and a big white dog on leashes ., man, on, leashes,,,
A brown dog is biting a green object ., dog, biting, object,,,
A man is steering his ship out at sea ., steering, at, sea,,,
A boy sticks an aligator puppet out of a camper van window ., boy, sticks, puppet,,,
a few different small cars racing around a track in the rain, cars, around, track,,,
Kids playing in a tub of plastic balls ., Kids, in, tub,,,
A clown shares cut-out pictures of children ., shares, of, children,,,
Two children climb into the back of a vehicle from the front seat ., children, climb, back,,,
A small child running on the beach, child, on, beach,,,
A group of kids are writing with a black marker on one of their friend 's back ., group, writing, marker,,,
A person in uniform is standing in front of a toll bridge ., person, standing, bridge,,,
A dark haired boy and dark haired girl stand on the grass ., boy, stand, grass,,,
A group of people display ribbons won by their dogs ., group, display, ribbons,,,
Brown dog barks at another brown dog with a stuffed duck in mouth ., dog, barks, dog,,,
A boy is being splashed by a large wave in the sea ., splashed, in, sea,,,
men are standing beside a stonesign, men, standing, stonesign,,,
A boy plays on a green swing ., boy, plays, swing,,,
A black and white dog carries a ball toy ., dog, carries, toy,,,
A little girl is looking at the two horses on the other side of the fence ., girl, looking, horses,,,
A child in a yellow shirt is looking at the body of water ., child, looking, body,,,
The girls walk down the street ., girls, walk, down,,,
A boy in a denim jacket is smiling ., boy, in, jacket,,,
A black dog jumps a horizontal bar in a grassy feild ., dog, jumps, bar,,,
A baby is held by an adult and is sitting on a table at a coffee shop ., held, on, table,,,
A group of men in an art gallery ., group, of, men,,,
A dog is jumping as he turns around on a beach ., he, turns, beach,,,
A girl climbing a rope wall ., rope, climbing, wall,,,
A dark-headed boy is eating a large red Popsicle ., boy, eating, Popsicle,,,
A brown dog walks through snow ., dog, walks, snow,,,
a blond girl and brunette brown hanging by gymnastic ropes, girl, by, ropes,,,
A bald basketball player is standing on a court with the ball in his right hand ., player, standing, court,,,
A boy leaps off his skateboard over some steps near a house ., boy, leaps, skateboard,,,
A bald man in a striped shirt and jeans walks away from a mural of a red car with a blonde man wearing an orange and black jacket with jeans ., man, walks, mural,,,
A child on a swing ., child, on, swing,,,
A dog prepares to catch a thrown object in a field with nearby cars ., object, in, field,,,
A man with a skateboard performs a trick ., man, performs, trick,,,
A closeup of an elderly man wearing glasses ., closeup, of, man,,,
a dog jumping over a fallen tree in the forest, dog, in, forest,,,
The three people are dancing on a wood floor in kitchen clothing ., people, dancing, floor,,,
A couple standing under a sign ., standing, under, sign,,,
An Asian girl and boy playing on with a yellow ball on a black and white floor ., girl, on, floor,,,
A dog runs down a footbride in the fall ., dog, runs, fall,,,
A kayaker falling down a waterfall, kayaker, falling, waterfall,,,
A large , brown , fluffy dog with a small white and brown dog on a dirt surface ., dog, with, dog,
A couple wearing winter coats posing together ., winter, wearing, coats,,,
A group of boys play flag football while some bystanders watch ., group, play, football,,,
Dirt bikers on a trail ., bikers, on, trail,,,
A black and white dog runs around a farm animal inside a fenced yard ., dog, runs, animal,,,
A dog jumping up for a ball held by a woman in black skirt , beige vest and blue shirt, dog, for, ball,,
A girl is standing on a graffiti covered stone with something in her mouth ., girl, standing, graffiti,,,
A brown and black dog is chasing a black dog in the snow ., dog, chasing, dog,,,
A boy in a black and white shirt holds a red skateboard as he stands over the Hollywood Stars ., boy, holds, skateboard,,,
A bridal party poses for a picture ., party, poses, picture,,,
A group of people stand and look at a kid who jumped ., group, stand, kid,,,
A bearded man laying on his back under a large tree ., man, on, back,,,
A big tan wet dog in shallow water ., tan, in, water,,,
A baby holding glasses looks at the camera while a man hugs him ., baby, looks, camera,,,
A man does skateboard tricks off a ramp while others watch ., man, does, tricks,,,
A bicyclist is attempting a trick over a jump nearby a bush and wooden building ., bicyclist, attempting, trick,,,
An older person sitting beside a body of water ., person, beside, body,,,
a girl carrying a yellow bag is looking at pictures in a photo gallery ., girl, looking, pictures,,,
A dog runs by the water 's edge ., dog, runs, edge,,,
A few horses race each other on the track ., race, on, track,,,
A man and a woman dressed as a prisoner and sexy police officer ., man, dressed, prisoner,,,
A man hands out fliers while wearing a mask ., man, wearing, mask,,,
A girl is jumping in the air while holding an orange and white guitar ., girl, jumping, air,,,
A bicycler is riding a bike at a racing event ., bicycler, riding, bike,,,
A shirtless man and a woman wearing at a park , wearing face paint and laughing ., man, at, park,,
a little girl swings on the swing ., swings, on, swing,,,
A girl in a purple dress smiling as she climbs an indoor rock wall ., she, climbs, wall,,,
A curly-haired boy jumps up on a bed ., boy, jumps, bed,,,
A girl in an orange shirt lights candles ., girl, in, candles,,,
A group of elephants are being ridden by men ., ridden, of, elephants,,,
a group of dogs pulling a sled through the snow ., group, of, dogs,,,
A chubby or buff kid in shorts is holding on to weights ., kid, in, shorts,,,
A girl floating wearing a life vest ., life, wearing, vest,,,
A man in a hoodie is looking at a pad of paper , outside a window ., man, looking, pad,,
A dog chases a dog toy on the grass ., dog, chases, toy,,,
A man is riding on a red motorcycle ., man, riding, motorcycle,,,
A biker pops a wheelie along side the colorful wall ., biker, pops, wheelie,,,
A male topless rock climber is climbing a rock face whilst attached to a safety harness ., climber, climbing, face,,,
A brown dog running in a yard ., dog, in, yard,,,
A dirty jeep is stuck in the mud ., stuck, in, mud,,,
Two girls are riding a 4 wheeler ., girls, riding, wheeler,,,
Two female beach volleyball players face off at the net with the Beijing Olympics logo visible in the background ., players, face, net,,,
A boy does a jumping trick on a snowboard ., boy, does, trick,,,
A girl and a woman playing with a ball in a pool ., girl, with, ball,,,
A group of three dogs competing in a competition ., group, of, dogs,,,
Two big dogs wade in the ocean, dogs, wade, ocean,,,
A man in a black coat and hat sits by an old building ., man, sits, building,,,
A man dressed in a military uniform bends over to speak to a person sitting on the sidewalk ., man, dressed, bends,,,
A girl in a helmet rides a horse ., girl, in, helmet,,,
A boy hits a baseball with the bat ., boy, hits, baseball,,,
A girl holds a blue balloon as she walks ., girl, holds, balloon,,,
A girl in a yellow shirt walks with her hands in her pocket on a bridge ., girl, walks, hands,,,
A child is standing on her head ., child, standing, head,,,
A man in a gray shirt jumps in the air ., man, jumps, air,,,
An older girl and a younger girl playing barefoot in a puddle, girl, in, puddle,,,
A boy jumps off a short wall with his arms out ., boy, jumps, wall,,,
A black dog leaps from the bank into a body of water , with a field of dry grass in the background ., dog, leaps, bank,,
a man in a green shirt and cap puts his hands on a table as he stands next to man wearing headphones around his neck ., man, puts, hands,,,
A small girl in yellow slides down an orange slide ., girl, in, slides,,,
A guy stands by a window taking his overshirt off ., guy, stands, window,,,
A group of people are flying colorful kites near a beautiful snow-capped mountain range ., group, flying, kites,,,
A small blonde boy and another small child are inside a cushion doghouse with a brown dog ., boy, are, doghouse,,,
a girl and a woman ride a camel ., girl, ride, camel,,,
a dog trots through the grass ., trots, through, grass,,,
A bare-chested man launches his skateboard off a ramp ., man, launches, skateboard,,,
A man is asleep on the ground near two bank machines ., man, asleep, ground,,,
A dog catches a toy in the snow ., dog, catches, toy,,,
A dog rolls on his back in the grass ., rolls, on, back,,,
Four people are posing outside ., people, posing, are,,,
A man in a maroon bathing suit swings on a rope on a lake ., man, in, swings,,,
A Dalmatian is playing near a tree ., Dalmatian, playing, tree,,,
Lambs on a grassy hill ., Lambs, on, hill,,,
A girl in a short dress carrying a silver purse looks at food in a bakery ., girl, looks, food,,,
a dog stands in the white snow ., dog, stands, snow,,,
A black haired girl is eating corn on the cob ., girl, eating, corn,,,
A man is standing next to a woman and he is holding an electronic device to his ear ., man, standing, woman,,,
A boy is standing at the edge of a wave with the sun setting or rising in the background ., boy, standing, edge,,,
The three field hockey players are all chasing the ball ., players, chasing, ball,,,
A black and brown dog swimming in a lake ., black, in, lake,,,
A child stoops to pick up a watermelon from a large pile of them ., stoops, pick, watermelon,,,
A group of children do stretches on colored mats ., group, do, stretches,,,
A man sitting cross-legged in a field, man, in, field,,,
The two gray dogs are trying to get a red object ., dogs, trying, are,,,
A basketball player in white leaps up at the net ., player, leaps, net,,,
A man about to throw a toy for a dog to go and fetch ., man, for, dog,,,
A dog chews an object a woman is holding on the rocky and sandy beach ., dog, holding, beach,,,
the three boys are all holding onto a flotation device in the water ., boys, holding, device,,,
two guys dressed in tuxes with red ties, guys, dressed, tuxes,,,
A brown dog is swimming in the water ., dog, swimming, water,,,
one large brown dog running alongside a black and white dog ., dog, alongside, dog,,,
A hiker with two hiking poles stands on a hillside with a view of the city below him ., hiker, stands, hillside,,,
A big brother helps a little sister blow bubbles ., brother, helps, bubbles,,,
A man and a woman wear mickey mouse ears at an event ., man, wear, ears,,,
A baseball player slides home in a non professional baseball game in an HDR photograph ., player, in, game,,,
Three boys all wearing green shirts are climbing on a slide ., boys, climbing, slide,,,
A girl in a green shirt is playing on a swing ., girl, playing, swing,,,
A blonde haired woman is pouring drinks at a bar ., woman, pouring, drinks,,,
A mountain biker does a trick on a forest path ., biker, does, trick,,,
A man in a wide-brimmed hat is sleeping against a column ., man, sleeping, column,,,
A brown dog running through the woods ., dog, through, woods,,,
A dark haired woman wearing a brown jacket and fatigue bottoms and a balding man wearing a green sweater and blue jeans with a fishing pole , stand at the foot of the surf ., fatigue, wearing, jacket,,
A kayaker wearing a blue wetsuit and black helmet paddles his yellow kayak in murky rolling rapids ., kayaker, paddles, kayak,,,
A girl in a swimsuit stands in the spray of water , a bicycle in the background ., girl, stands, spray,,
A blue plane does loops as it heads down to earth ., plane, does, loops,,,
A group of people are walking in single file at an exhibit ., group, walking, file,,,
a attrative woman climbs over a fence ., woman, climbs, fence,,,
Two brown dogs are fighting and biting each other ., dogs, fighting, other,,,
A woman in gray is smoking a cigarette ., woman, smoking, cigarette,,,
A person in a yellow shirt and jeans is running on a track ., person, running, track,,,
A person in a red shirt on a skateboard ., person, in, shirt,,,
A brown and white dog carries a brown and white dish towel in his mouth ., dog, carries, brown,,,
A brown and white horse runs in the gravel ., horse, runs, gravel,,,
A runner in a yellow shirt is cresting a hill ., runner, cresting, hill,,,
A tan dog and larger white dog run along the grass ., dog, run, grass,,,
A man in shorts is standing on a rock looking out at the view from the hilltop ., man, standing, rock,,,
The girl has a white shirt and a purple item in her hand ., girl, has, shirt,,,
A dog is near three farm animals with horns outside ., dog, is, animals,,,
A man with headphones has his mouth wide open while a woman stands next to him ., man, has, mouth,,,
A group of dogs run through the snowy field ., group, run, field,,,
A smiling woman stands in front of a body of water with water birds ., stands, in_front_of, body,,,
A dog is walking through snow and a figure is in the distance ., dog, walking, snow,,,
a family crossing a bridge, family, crossing, bridge,,,
Four boys are playing at a playground, boys, playing, playground,,,
A girl slides down a purple slide ., girl, slides, slide,,,
A group of bicyclists getting ready for a ride ., group, of, bicyclists,,,
A dog is on a leash held by a woman in white shoes ., dog, is, leash,,,
A child wearing big green fist gloves ., fist, wearing, gloves,,,
A blonde boy is holding a blue umbrella ., boy, holding, umbrella,,,
A boy in a swimsuit sitting on top of a circular fountain ., boy, in, swimsuit,,,
A boy pushing another boy up a pole ., boy, pushing, boy,,,
Four children hold hands and jump into a pool ., children, hold, hands,,,
A man walks toward a policeman standing in a crosswalk on a city street ., man, walks, standing,,,
a man carves an ice block with a chainsaw ., man, carves, block,,,
Boy walks across shallow , reflective water in park area , ocean in background ., Boy, walks, water,
A blonde woman with her hair up is taking off a white sweatshirt ., woman, taking, sweatshirt,,,
A child holding a tennis racquet running on a tennis court ., tennis, holding, racquet,,,
A brown horse and a black foal on the beach, horse, on, beach,,,
A black dog holding an orange object in the water ., dog, in, water,,,
Three boys playing soccer in a field, boys, in, field,,,
The couple eat their meal outside ., couple, eat, meal,,,
A boy and girl playing cricket, girl, cricket, girl,,,
A dark haired man in his twenties drinks a green liquid from a plastic mug ., man, drinks, liquid,,,
A brown dog chasing a yellow toy ., dog, chasing, toy,,,
A brown dog carrying a black object ., dog, carrying, object,,,
A man attached to strings is watched by a crowd ., watched, to, strings,,,
A little boy kicks a soccer ball in the park ., boy, kicks, ball,,,
A girl and boy bounce on large balls ., bounce, on, balls,,,
A kid in red falls as he struggles with a kid in white to get to a soccer ball ., he, struggles, kid,,,
A man and a woman are wearing black and looking at something on the sidewalk ., man, wearing, black,,,
A man is playing fetch with a dog ., fetch, with, dog,,,
a fruit stand with a group of people standing around it ., fruit, stand, group,,,
A man holds a ball in the air for a brown dog to catch on the beach ., man, holds, ball,,,
A girl in black tank top catches a fish ., girl, in, tank,,,
A man playing a sport in a green uniform holding a paddle over his head ., man, in, uniform,,,
A child is thrown by a man in the swimming pool ., thrown, in, pool,,,
A blond girl in shorts sits on the top of monkey bars ., girl, sits, top,,,
A girl messily eats a plate of pasta ., girl, eats, plate,,,
A group of guys are playing soccer on the beach ., group, playing, soccer,,,
A group of adults are walking ., group, of, adults,,,
Skiiers on a snowy mountain ., Skiiers, on, mountain,,,
A dachshund puppy jumps on a bed ., puppy, jumps, bed,,,
Dogs running through snow ., Dogs, through, snow,,,
A man is sitting by a large plant waiting to shine a customer 's shoes ., man, sitting, plant,,,
A man sits in a chair smoking a cigarette ., man, sits, smoking,,,
A dog carries a stick in its mouth ., dog, carries, stick,,,
A man in bright orange shorts is skateboarding along a course with cones as two people observe in the background ., man, skateboarding, course,,,
A girl is blowing bubbles heavily ., girl, blowing, bubbles,,,
A couple sits at a cramped table in a busy restaurant ., couple, sits, table,,,
A bearded man and a woman in a dress holding a cup ., man, in, dress,,,
A dad celebrates a birthday with his family via web cam ., dad, celebrates, birthday,,,
A brown dog in a red harness chasing a red ball ., dog, in, harness,,,
a brown and white dog jumping over a red , yellow and white pole, dog, jumping, pole,,
a woman in black walks down the sidewalk ., woman, walks, sidewalk,,,
A boy is jumping on an inflatable ring and a girl is watching him, boy, jumping, ring,,,
A bunch of people are watching ice skaters ., bunch, watching, skaters,,,
a lone surfer surfing a large collapsing wave in the ocean ., surfer, in, ocean,,,
A leather clad biker wearing face-paint sits on his motorcycle next to another biker who is standing beside his bike on a city street ., biker, sits, motorcycle,,,
A bunch of dogs are competing in a race ., bunch, competing, race,,,
A person in the distance hikes among hoodoos with stars visible in the sky ., person, in, hikes,,,
A dog in the forest ., dog, in, forest,,,
A group of people sitting around a desk ., group, of, people,,,
A brown dog is running outside ., dog, running, is,,,
A man standing on a rocky mountain with gray clouds in the background ., standing, on, mountain,,,
A man in an orange jacket raising his hands to the sky in the sand ., man, in, jacket,,,
A man parachuting down a snowy mountain ., man, parachuting, mountain,,,
A man with rock climbing equipment is hanging from a vertical , white rock ., man, hanging, rock,,
A man and a boy sitting with their back to a stone wall , the man paying a flute ., stone, paying, flute,,
The two girls are playing on a yellow sit and bounce ., girls, playing, yellow,,,
A girl in a bathing suit carries a paddle ., girl, carries, paddle,,,
A blonde girl is wearing a silver helmet , elbow and knee pads , and Rollerblades ., girl, wearing, helmet,
Two boys splashing each other in the ocean ., boys, in, ocean,,,
A brown dog is chewing on a white rug whilst standing on a red carpet next to a checkered floor ., dog, chewing, rug,,,
A boy in black pants and green t-shirt jumps high with his skateboard ., boy, jumps, high,,,
A dog with tiger colorings steps into the water ., dog, with, steps,,,
A boy holding a fishing rod ., fishing, holding, rod,,,
A female tennis player swings for the ball ., tennis, for, ball,,,
A boy jumps from one picnic table to another ., boy, jumps, table,,,
A hiker walks through the snowfield ., hiker, walks, snowfield,,,
A girl does a side bend in the surf , another girl behind her , the sun setting ., girl, does, bend,
A big black dog with fluffy fur runs in the surf of a rocky shore ., dog, runs, surf,,,
A bicycler balances his bike on a rail ., bicycler, balances, bike,,,
A climber hanging from an ice pick in the side of a frozen waterfall ., climber, from, pick,,,
A group of dancers wearing black spandex are dancing in a studio ., group, dancing, studio,,,
A big dog is running in the grassy field with woods behind him ., dog, running, field,,,
A snowboarder clothed in red is in the middle of a jump from a snowy hill ., snowboarder, is, middle,,,
A black dog is jumping out of water ., dog, jumping, water,,,
A group of people on the slopes , a person is skating boarding , and a bunch of people are surrounding him ., bunch, surrounding, him,
A big dog is biting a smaller dog on the leg, dog, biting, dog,,,
A man holds a stick while three dogs watch and jump ., man, holds, stick,,,
A cop is standing next to a person dressed like a clown ., cop, standing, person,,,
Three friends making faces for the camera ., friends, for, camera,,,
A basketball player in black jumps , while another in white attempts to block ., player, in, jumps,,
A boy celebrating with paint on his face and clothing ., boy, with, paint,,,
A man in a beret and thin mustache gestures to two women in conversation ., man, in, beret,,,
A little blonde girl splashing in a mud puddle ., girl, in, puddle,,,
A black dog lays in the sand ., dog, lays, sand,,,
A boy holds his hands on his head ., boy, holds, hands,,,
A man in a room with three other people holding a large camera ., man, in, room,,,
A small girl spins in the waves in the bright sun ., girl, spins, waves,,,
A black dog is running through the shallow edge of a large body of water ., dog, running, edge,,,
A girl in black sitting on a man 's lap on a subway ., girl, in, black,,,
A lady in blue jeans and a brown jacket is walking down a city street ., lady, walking, street,,,
A man and a skateboard on top of a barrel ., skateboard, on, top,,,
A couple shopping for plants and flowers ., shopping, for, plants,,,
A girl dances on a stage ., dances, on, stage,,,
A boy with a metal colander on his head ., boy, with, colander,,,
A little boy is splashing around in the water in a kiddie pool ., boy, splashing, water,,,
people with equipment climbing up a snowy mountain, people, with, equipment,,,
a small dog steps onto a log ., steps, onto, log,,,
A boy and girl are splashing around in the ocean ., boy, splashing, ocean,,,
A girl in a pink jacket and red hat walking near grass ., girl, in, jacket,,,
A baby in a Santa hat holds a Santa figure while laying on a brown sofa ., baby, holds, figure,,,
a brown dog and a white dog are running across a stony hillock ., dog, running, hillock,,,
A boy wearing mirror sunglasses ., mirror, wearing, sunglasses,,,
A lone surfer riding a huge wave in the ocean ., surfer, in, ocean,,,
A male and a female are leaning against railing looking off with the ocean in the background, male, leaning, railing,,,
A group of people standing in the street, group, of, people,,,
A lady digs through a garbage can looking to add to the shopping cart beside her ., lady, digs, garbage,,,
A man in a hat sits outside near some cardboard boxes ., man, in, hat,,,
A woman in a red sweater and a girl is in front of a girl in a green hoodie & a girl with a brown jacket and pink purse ., woman, is, girl,,,
A bunch of kids swing together in a large swing shaped like a basket ., bunch, swing, swing,,,
A man stands on a cliff overlooking the ocean ., man, stands, cliff,,,
A man in a dark shirt and shorts is standing on top of a high graffitied rock ., man, standing, rock,,,
A dog jumps for a red ball on the grass ., dog, jumps, ball,,,
Children wearing helmets ride horses in a ring ., Children, ride, horses,,,
A girl plays on a red toy ., girl, plays, toy,,,
A girl in a bathing suit rides a swing ., girl, in, bathing,,,
a redheaded woman eating some food with a few people standing around her, woman, with, people,,,
A man is standing on top of rocks overlooking the ocean ., man, standing, rocks,,,
A blond-hair girl is eating a peach ., girl, eating, peach,,,
A boy on a black surfboard riding the wave on his stomach ., boy, on, surfboard,,,
A brown and white dog is jumping with a red Frisbee in its mouth ., dog, jumping, Frisbee,,,
A child in gray clothes is sleeping on a red cushion ., child, sleeping, cushion,,,
A white dog is running on a rocky beach ., dog, running, beach,,,
A boy catcher in a helmet , stretching out his gloved hand for a catch ., catcher, stretching, hand,,
A military uniformed man performing a takedown maneuver on a similarly dressed man ., takedown, performing, maneuver,,,
A child is eating something very close to the camera while other children sit at a table behind him ., child, eating, something,,,
A man climbing a rock-face ., man, climbing, rock-face,,,
A child dressed in purple and an adult dressed in black ., child, dressed, black,,,
A man showering in a home outdoor shower facility ., man, in, facility,,,
A brown dog and two white dogs are bounding after a ball ., dog, bounding, ball,,,
A woman in jeans rests on a bench in a gallery or shop setting ., woman, rests, bench,,,
A person waving is hanging off a zip line ., person, hanging, line,,,
A boy is trying to blow a huge bubble using a giant metal ring ., boy, trying, is,,,
A girl in green is running behind a boy in red in a sports arena whilst a girl in pink is running in the background ., girl, running, boy,,,
A man in a red biker suit on a red dirt bike going down a muddy road ., biker, going, road,,,
A baby is playing in a walker ., baby, playing, walker,,,
A black and white dog climbs a leaning tree trunk ., dog, climbs, trunk,,,
A biker flies through the air near sand dunes ., biker, flies, air,,,
Athletes on numbered horses congregate in a field ., Athletes, congregate, field,,,
A man standing on a small metal structure on a snow-covered night ., standing, on, structure,,,
A basketball player concentrating on keeping the ball from other players ., basketball, keeping, ball,,,
A cluster of four brown dogs play in a field of brown grass ., cluster, play, field,,,
A little kid in a striped shirt on a purple floor is getting excited at chasing bubbles ., kid, in, shirt,,,
A lady in a white hat and sunglasses riding a bicycle ., lady, in, hat,,,
A basketball player tries to aim for the goal while being blocked by other players ., aim, for, goal,,,
A boy flipping off a skateboard going down a flight of stairs, boy, of, stairs,,,
A brown and black dog fetching a tennis ball in a lake ., tennis, fetching, ball,,,
A hiker is climbing up a very steep mountain ., hiker, climbing, mountain,,,
a lone skateboarder in midair with a huge wooden ramp and silver graffiti in the background, skateboarder, in, midair,,,
A football player passes the football to a teammate as the crowd looks on ., player, passes, football,,,
Two asian children standing on cement ., children, on, cement,,,
A female wearing pink gloves and a brown jacket is smiling in the snow ., female, smiling, snow,,,
A bicyclist performing a trick over a heavily graffitied wall ., bicyclist, graffitied, wall,,,
A man holds a stick up for a dog to catch while another dog looks on at the beach ., man, holds, stick,,,
A child playing with a fountain at the beach ., playing, with, fountain,,,
A bike sits atop a rise with mountains in the background ., bike, sits, rise,,,
A black and white dog is swimming in some water, dog, swimming, water,,,
A boy jumps high on his skateboard ., boy, jumps, high,,,
Little kids walk with their backpacks outside of a market ., kids, walk, backpacks,,,
A monk in a red shawl looks at the camera, monk, looks, camera,,,
A little girl with a blue bow holding a plushie while picking her nose ., girl, with, bow,,,
A black dog bites at a stream of water on the grass ., dog, bites, stream,,,
Two girls are sitting outside on the ground in front of a lake ., girls, sitting, ground,,,
A group of people waits for their luggage in the Las Vegas airport ., group, waits, luggage,,,
A beagle looking over his shoulder as he stand on a sandy slope ., he, stand, slope,,,
Two girls are walking arm in arm past an amusement arcade ., girls, walking, arm,,,
A person in a black jacket doing tricks on a motorbike ., person, in, jacket,,,
The three people are wearing black blindfolds ., people, wearing, blindfolds,,,
A man looks at a woman and she smiles ., man, looks, woman,,,
A brown and black dog is jumping through a ring of fire ., dog, jumping, ring,,,
A little boy is sitting in a wheel barrel while a girl in pink holds the handles ., boy, sitting, barrel,,,
A baseball is being thrown at a volleyball net ., thrown, at, net,,,
A black and white dog jumping into a pool ., dog, into, pool,,,
A black and white dog is attempting to catch a yellow and purple object in a low cut yard ., object, in, yard,,,
A competitive motorcycle racer prepares to make a left turn along a paved road ., turn, along, road,,,
A woman , a little boy , and a tiny baby are standing in front of a cow statue ., woman, standing, statue,
A little girl in only socks and a necklace is being tossed in the air and caught ., tossed, in, socks,,,
A man in red climbs a rock in a field of snow , cliffs , and fallen boulders ., man, climbs, rock,
People playing cricket in the park , pine trees in the back ., People, pine, trees,,
A man holding money , standing in front of a street band and a store ., street, holding, money,,
A girl is all decked out with razzling jewelry ., decked, with, jewelry,,,
A girl holds her breath underwater in a pool ., girl, holds, breath,,,
A baby sits in a black and white chair and puts its fingers up its nose ., baby, sits, chair,,,
A climber wearing a blue helmet and headlamp is attached to a rope on the rock face ., rock, wearing, helmet,,,
A man in a white shirt and a man in a black shirt in a hallway ., man, in, shirt,,,
A boy in a plaid shirt blowing bubbles with a yellow bubble wand ., plaid, blowing, bubbles,,,
A couple of men in hats posing for a picture by a gas station ., couple, of, men,,,
A cyclist is performing a jump next to a black advertising banner ., cyclist, performing, jump,,,
A yellow car is driving away from the water ., car, driving, water,,,
One lady is drinking something while the other is preoccupied ., lady, drinking, something,,,
A girl carries a lot through the grass ., girl, carries, lot,,,
A woman is sitting in a chair near a brick building ., woman, sitting, chair,,,
Boys wearing hats play in a soccer game ., Boys, play, game,,,
Two men are sitting on the ground and going through their backpacks ., men, sitting, ground,,,
A girl is wearing a large blue and red hat ., girl, wearing, hat,,,
A person doing the backstroke in an outdoor pool ., person, in, pool,,,
A brown dog running on the beach near the ocean ., dog, on, beach,,,
A guy in swimming trunks flying on a rope swing above a lake ., guy, in, trunks,,,
Four women wearing energizer bunny ears point to an attraction ., women, point, attraction,,,
A group of little boys playing indoor soccer ., group, of, boys,,,
A black and white dog jumps over a hurdle ., dog, jumps, hurdle,,,
A golden retriever is playing with a smaller black and brown dog in a pink collar ., retriever, playing, dog,,,
A boy climbing through branches ., boy, through, branches,,,
A boy in a fuzzy goat holds a craw and looks at it ., boy, holds, craw,,,
A lady laughs as she and a man drink coffee ., lady, laughs, she,,,
Joggers running down a rural road in a race ., Joggers, in, race,,,
A black dog retrieves a cloth from a streambed ., dog, retrieves, cloth,,,
A man is standing beside a large , colorful birdcage containing birds ., man, standing, birdcage,,
A girl walks next to a pool ., girl, walks, pool,,,
A blond woman poses with a person in a pink costume ., woman, poses, person,,,
A dark haired boy in a gold shirt is inside a piece of blue plastic play equipment ., boy, is, piece,,,
A black and tan dog running in a field, dog, running, field,,,
A little girl in pink shorts runs on a lawn ., girl, runs, lawn,,,
A black dog carrying a stick in its mouth runs through a huge puddle in the grass ., dog, runs, puddle,,,
A brown dog digs in the sand ., digs, in, sand,,,
A child doing gymnastics, child, doing, gymnastics,,,
A woman crouches down next to her terrier dog to smile at a little girl sitting on the sidewalk ., woman, crouches, dog,,,
A large man at a party , with a drink in his right hand ., man, at, party,,
A girl wearing a pink hoodie looks through her camera ., girl, looks, camera,,,
A female with glasses , a brown shirt , and a backpack ., female, with, glasses,
A gray-haired , shoeless woman is sitting on a blanket under a lavendar umbrella on the side of a street ., woman, sitting, blanket,,
A dog leaps through a snowy field ., dog, leaps, field,,,
A black and white dog is biting onto a stick in the water ., dog, biting, stick,,,
A girl dressed in orange flies in the air while jumping on the bed ., girl, dressed, flies,,,
An asian tennis player returning a serve ., tennis, player, An,,,
A football player is running with the ball ., player, running, ball,,,
A female artist showing her painting and signing a paper ., artist, showing, painting,,,
A collage of stop-action surfing pictures ., collage, of, pictures,,,
People are sitting on step along the water and fishing ., People, sitting, step,,,
A man and a woman are staring into the ocean ., man, staring, ocean,,,
A large white dog is playing with a large stick ., dog, playing, stick,,,
A kid is jumping his bike over a fence ., kid, jumping, bike,,,
A man and a woman wearing masks embrace at an outdoor festival ., man, embrace, festival,,,
A boy runs down a concrete hill ., boy, runs, hill,,,
A medium brown dog is jumping over a short brick wall surrounding some dirt ., dog, jumping, wall,,,
a man kneeling on the ground surrounded by several cats, man, on, ground,,,
A black and white dog runs towards the camera ., dog, runs, camera,,,
An inline skater in red pants and blue shirt skates between green cones ., skater, in, pants,,,
A city street is busy with people as one person walks across the crosswalk ., street, busy, people,,,
A black and white dog is running along a blue board ., dog, running, board,,,
A girl in a black outfir is standing with 2 pug dogs, girl, standing, dogs,,,
A man dressed in an Indian costume plays the drums ., man, plays, drums,,,
A white dog wearing a christmas reindeer headband plays with a brown dog in the grass among some stuffed animals ., dog, plays, dog,,,
A black dog running through a grassy yard carrying a large ball in its mouth ., dog, through, yard,,,
A man and a woman with three bikes and a silver car ., woman, with, bikes,,,
A girl in the bathing suit talking to a guy ., girl, in, suit,,,
Two Japanese girls are wearing traditional dress ., girls, wearing, dress,,,
A man in blue goggles is in the swimming pool ., man, is, pool,,,
a group of people get into special order ., group, get, order,,,
A man and a woman in blue jog on the sidewalk while a man stretches on a park bench ., man, stretches, bench,,,
A boy pitches in a baseball game ., pitches, in, game,,,
A born dog carries some fruit in his mouth while two other dogs follow him ., dog, carries, fruit,,,
A group of men playing against each other in a football match ., group, of, men,,,
A tan dog is running on pavement with a white dog running on grass beside it ., dog, running, pavement,,,
A female tennis player wearing orange in the middle of a tennis match ., tennis, wearing, orange,,,
A lady sitting down and someone with black shorts and shoes, lady, with, shorts,,,
Two boys in denim play with hula hoops, boys, in, play,,,
A girl in a pink jacket is walking through a large puddle ., girl, walking, puddle,,,
A boy in an orange shirt grinds a skateboard ramp ., boy, grinds, ramp,,,
A black and white dog catching a tennis ball in his mouth ., tennis, catching, ball,,,
A pile of dogs sleep on a blue dog bed ., pile, sleep, bed,,,
A man in a tutu waterskies in a lake surrounded by snow ., man, surrounded, snow,,,
A girl wearing red and blue clothing poses for a man kneeling to take her picture ., girl, poses, man,,,
a busy highway scene with a woman crossing a crosswalk on the left, highway, crossing, crosswalk,,,
A man and a woman pose for the camera with pursed lips ., man, pose, camera,,,
A man is snowboarding over a pipe ., man, snowboarding, pipe,,,
A man kneels on a dock while a dog jumps in the water next to him ., man, kneels, dock,,,
A man holding girl at top of a slide, girl, at, top,,,
A goalie blocking the goal with assistance from a teammate during a hockey game ., hockey, blocking, goal,,,
a black and white dog is jumping fences in a dog show ., dog, jumping, fences,,,
A girl in a blue shirt is grinning and walking in a crowd or people ., girl, grinning, crowd,,,
A man with an Afro is skating on a vert ramp, man, skating, ramp,,,
A girl wearing a fairy costume rides a tricycle ., fairy, wearing, tricycle,,,
Two children are sliding down a water slide ., children, sliding, slide,,,
A black dog and brown dog are running around in the sand ., dog, running, sand,,,
Two dogs are playing tug of war with a green toy ., dogs, playing, tug,,,
A male hiker wearing a brown hat is standing next to a triangular monument on the top of a mountain ., hiker, standing, monument,,,
A group of men walk along a road divided with yellow ropes ., group, walk, road,,,
A girl in a colorful dress and sunglasses is playing a violin on the street ., girl, playing, violin,,,
The two dogs are in the water retrieving a stick ., dogs, are, water,,,
A baby lies almost completely covered by bright colored plastic balls ., covered, by, balls,,,
Two dark haired girls are on a tire swing ., girls, are, swing,,,
a woman in green pants sits next to a woman in a pink jacket in front of statue of a fish ., woman, sits, woman,,,
A group of people riding a roller coaster upside down ., roller, riding, coaster,,,
Men dressed in winter clothing stand against a railing on a snowy street, Men, stand, railing,,,
a lone surfer diving into a large wave, surfer, into, wave,,,
An elderly man wearing a sombrero riding a mobility scooter while shopping for shoes ., mobility, wearing, sombrero,,,
Four people are walking on a bridge ., people, walking, bridge,,,
A guy in a costume , a crowd watching him ., guy, in, costume,,
Two girls playing at a playground ., girls, at, playground,,,
The two people are standing on a rock , holding themselves up against another rock , while looking down, people, standing, rock,
A woman wearing a straw hat and floral skirt is sitting on cement stairs with her head in her hands ., woman, sitting, stairs,,,
A child in a bright blue sweatshirt playing in the woods with a red wagon ., child, playing, wagon,,,
A black and white dog is chasing a ball on an open plane ., dog, chasing, ball,,,
A black dog is moving through a snowy field with an object in their mouth ., dog, moving, field,,,
Two black dogs fetching toys in the snow ., dogs, in, snow,,,
A hair dresser is applying permed on a client 's hair in a salon ., hair, in, salon,,,
A black and white dog is playing with a ball that has a tear in it ., dog, playing, ball,,,
A group of foreign people stand with umbrellas on the side of the street ., group, stand, umbrellas,,,
a family takes a ride on a yellow boat ., family, takes, ride,,,
A group of bicyclists in a race ., group, of, bicyclists,,,
A baby with an airplane on his shirt sits in a high chair ., baby, sits, chair,,,
A black and tan dog walking through the snow ., dog, walking, snow,,,
A man holding a flag is standing on a busy sidewalk ., man, standing, sidewalk,,,
A little girl in a swimsuit and braids is in front of the water , in the grass , with her arms crossed in front of her chest, girl, is, front,
A man and a woman stare at the ground ., man, stare, ground,,,
A lady wearing a red dress is playing a bagpipe ., lady, playing, bagpipe,,,
A male wearing a blue shirt is holding a cup in hand while staring at the camera ., male, holding, cup,,,
A girl playing trumpet in a marching band ., girl, in, band,,,
a man wearing inline skates is skating down a cement wall, man, skating, wall,,,
A lab dog is standing on a fallen tree trunk with a guy in the background ., dog, standing, trunk,,,
A Brown dog is jumping over a fallen tree in the woods ., dog, jumping, tree,,,
A hiker walks on rocky ground at the base of a foggy mountain ., hiker, walks, ground,,,
A man walking while holding a hat on a stick ., man, on, stick,,,
A black dog leaps in the air while playing outside ., dog, leaps, air,,,
A little boy and girl are jumping on a trampoline in front of a yellow building ., boy, jumping, trampoline,,,
A group of girls ride an ATV ., group, ride, ATV,,,
A brown squirrel is jumping over a snow drift ., squirrel, jumping, drift,,,
An upset woman with her makeup streaming down her face from her tears ., woman, streaming, face,,,
A person and their tan dog go for a ride in a rowboat ., person, go, ride,,,
The woman in yellow is throwing the football to the woman in brown ., woman, throwing, football,,,
A child wearing pink boots is splashing in a puddle behind the red truck ., child, splashing, puddle,,,
two boys , one in yellow shorts and one in red shorts , are playing with body boards in the ocean ., boys, playing, boards,
A few dogs swimming in a lake ., dogs, in, lake,,,
A brown and white dog standing next to a smaller brown and white dog in front of a fence ., dog, next_to, dog,,,
A girl jumps over water at the beach ., girl, jumps, water,,,
A man in a costume poses with two young boys ., man, poses, boys,,,
A naked woman with her body painted ., woman, with, body,,,
A business man and a security guard are smiling and talking outside a glass building ., man, smiling, building,,,
A boy does skateboard tricks on a railing ., boy, does, tricks,,,
A black and white dog is jumping over a hurdle ., dog, jumping, hurdle,,,
A boy in a red shirt stands on a mountain ., boy, stands, mountain,,,
A black and white dog is catching a red and green object in his mouth ., dog, catching, object,,,
A white ad brown dog is running on grass, dog, running, grass,,,
Snowboarders are jumping their boards off a mound of snow ., Snowboarders, jumping, boards,,,
A cheerleader dressed in red smiles and cheers ., cheerleader, dressed, smiles,,,
A baseball player swings at a baseball ., baseball, at, baseball,,,
A group of football players are playing football ., group, playing, football,,,
A couple is standing against a railing looking at a beautiful lake and sunset ., couple, standing, railing,,,
A boat on a lake ., boat, on, lake,,,
A white dog coming out of a blue tunnel ., dog, out_of, tunnel,,,
A blond gear with a pink shirt is blowing on a dandelion ., gear, blowing, dandelion,,,
A bearded man with glasses does a toe-touch ., man, does, toe-touch,,,
A woman in pink stands in between two women who are taking pictures of something off camera ., who, taking, pictures,,,
a man with a damaged eye stands with a child and a woman ., man, stands, child,,,
A brown dog is chasing after a yellow ball ., dog, chasing, ball,,,
Two children hang from a metal bar close to the ground ., children, hang, close,,,
Two children playing with fireworks in shallow water, children, with, fireworks,,,
brown dogs and a woman in a yard, dogs, in, yard,,,
The backs of two Asian girls , wearing red tops and holding red flags ., backs, wearing, tops,,
a dog chases another dog ., dog, chases, dog,,,
A child smiles as he plays in an inflatable gym ., he, plays, gym,,,
A dog catching a ball in a snowy field ., dog, in, field,,,
A black and white agility dog weaving between poles ., black, between, poles,,,
A boy splashes into a pool , ejected from a water slide ., splashes, ejected, slide,,
Two dogs are running through water carrying a rope and red float in their mouths ., dogs, running, water,,,
A boy carries a box across a bridge ., boy, carries, box,,,
A dog jumping over a fence ., dog, jumping, fence,,,
A black dog is in midair as a woman behind it cheers ., dog, is, midair,,,
A little boy is jumping up and down ., boy, jumping, is,,,
These woman are watching people play tennis from a bench ., people, play, tennis,,,
A dog runs by two cows ., dog, runs, cows,,,
A person is walking on a sidewalk and a skeleton is on the left inside of a fence ., person, walking, sidewalk,,,
people are getting ready to set sail on a boat, set, on, boat,,,
A black and white dog hopes a toy is thrown his way after a gray and white one receives one ., thrown, after, gray,,,
A man on a four-wheeler jumps while in a field ., man, on, four-wheeler,,,
A man in a red jacket is holding a piece of paper while posing ., man, holding, piece,,,
A warmly dressed woman in black kneels with a small tan dog near a crowd of onlookers ., warmly, dressed, woman,,,
A cheerful small girl dressed in a white dress with flowers runs on a grassy area with her arms in motion ., girl, runs, area,,,
A child playing on a red scooter ., playing, on, scooter,,,
A band performs in a dimly lit setting ., band, performs, setting,,,
The back of two men 's heads riding on a train ., back, of, heads,,,
A dog running outside ., dog, running, outside,,,
A girl drinking from a water fountain ., drinking, from, fountain,,,
A girl with a pink headband and blue shirt is drumming on blue plastic and metal bowls with chopsticks ., girl, drumming, plastic,,,
A group of children are playing on swings ., group, playing, swings,,,
Two cyclists atop a hill as seen from below ., cyclists, atop, hill,,,
A boy dressed in a plaid kilt with a brown hat wields a long pole ., boy, wields, pole,,,
A baby is laughing ., baby, laughing, is,,,
A dog is swimming across the water biting onto a stick ., dog, swimming, water,,,
A group of boys pouring soda into a white plastic bucket while a man pumps a bicycle pump ., plastic, pouring, soda,,,
A brown and white dog relaxes on a carpet in sunlight ., dog, relaxes, carpet,,,
A boy sits on a tree stump ., boy, sits, stump,,,
A group of teens in gather in prom attire ., group, gather, attire,,,
An older dark-skinned woman holding a lighter-skinned baby ., woman, holding, baby,,,
A group of people are getting fountain drinks at a convenience store ., group, getting, drinks,,,
A boy in swimming trunks ., boy, in, trunks,,,
A couple in a red canoe paddle down a rough river lined with trees ., couple, lined, trees,,,
A man is in the air upside-down in the snow ., man, is, upside-down,,,
A skier flies through the air ., skier, flies, air,,,
A black and white dog returns a stick in the snow ., dog, returns, stick,,,
A bus filled with passengers in Chicago at night ., bus, filled, passengers,,,
Two girls are jumping high in the air ., girls, jumping, high,,,
a blond girl standing in front of a large metal fan, standing, in, front,,,
A woman leads three little boys in soccer uniforms ., woman, leads, boys,,,
a crowd cheers on a sled dog racer ., cheers, on, racer,,,
A construction worker drills a hole into the ground ., drills, into, ground,,,
A black and white dog looking at the camera ., dog, at, camera,,,
A man on a bicycle jumping off a dirt ramp with one foot on the ground, bicycle, jumping, ramp,,,
a little girl running in a field, girl, in, field,,,
A black and white dog has a red toy in his mouth and is jumping ., dog, has, toy,,,
A female in blue jeans sitting with luggage against a wall, female, in, jeans,,,
a closeup blurred image of a man wearing a green shirt and tan pants ., closeup, blurred, image,,,
A man in a cap and shorts sits on a metal bench reading a newspaper ., man, sits, bench,,,
A blonde lady wearing a tan jacket samples a seafood dish at a restaurant ., tan, wearing, dish,,,
A brown and white dog walks behind a brown cow ., dog, walks, cow,,,
A man performs a trick on a surfboard in the water ., man, performs, trick,,,
A black man leans over as a white man jumps on his back backwards ., man, jumps, back,,,
A child steps up on a playground toy as arms reach for her ., child, steps, toy,,,
A boy is doing a jumping stunt on a bicycle in a run down street ., boy, doing, stunt,,,
A man is standing at edge of a pond , with two dogs and is throwing a branch is water ., man, standing, edge,,
A black and brown dog is running and splashing in the water ., dog, running, water,,,
A black dog is walking along the grass sniffing at the ground ., dog, walking, grass,,,
a boy in a blue shirt with dirt on his face, boy, in, shirt,,,
A brown dog indoors , with a large pink toy ., dog, with, toy,,
Bicycle racers being cheered on by some people ., Bicycle, racers, Bicycle,,,
A lady holds a beverage ., lady, holds, beverage,,,
A boy has his head down and is wearing a shirt that says ADHD ., boy, has, head,,,
A family sits on a bench in front of a pool ., family, sits, bench,,,
A man smoking a cigarette talking to a lady who is sitting on steps ., who, sitting, steps,,,
A group of people sitting on benches at a city park ., group, of, people,,,
A boy does a skateboard jump at a skateboard park ., boy, does, jump,,,
Three african american women are dressed in bright orange and brown dresses and head scarves ., dressed, in, orange,,,
A man in a purple had climbs a rocky wall with his hands ., man, climbs, wall,,,
A child rides a unicycle while a crowd watches ., rides, while, watches,,,
A man on bicycle riding down a rocky hill ., man, on, bicycle,,,
A boy is wading through water ., boy, wading, water,,,
A youn woman on a man 's back walking down a cement path with another couple behind them holding hands ., them, holding, hands,,,
A group of men stand outside a glass and steel building ., group, stand, building,,,
A lady wearing a helmet holding a bike ., lady, wearing, helmet,,,
a man in a black shirt is rollerblading past a bench in the city ., man, rollerblading, bench,,,
A goalie is crouching in a defensive position in front of the goal ., goalie, crouching, position,,,
A girl in a pink striped shirt is in front of an armoire ., girl, is, armoire,,,
A dark haired bearded man in a white dress shirt and black sweater and a woman in a black and white dress in a small space ., man, in, shirt,,,
A little girl runs down a path in a Japanese garden ., girl, runs, garden,,,
A man in a white shirt and dress pants sits just underneath a stone archway ., man, sits, archway,,,
A man in a bicycle helmet is talking on a cellphone with other people behind him ., man, talking, cellphone,,,
A flautist plays the flute in a marching band, flautist, plays, flute,,,
A boy playing hockey lies on the ice , injured ., hockey, lies, ice,,
A man in sunglasses and a neatly trimmed beard overlooks a woody valley ., man, overlooks, valley,,,
A girl and young boy are jumping on a trampoline in a suburban yard ., girl, jumping, trampoline,,,
A cricket batsman has been bowled out middle stump ., cricket, bowled, stump,,,
People are boating near a mountain ., People, boating, mountain,,,
A climber is making his way up a snowy mountainside ., climber, making, way,,,
A man in skateboarding in an empty swimming pool ., man, skateboarding, pool,,,
A grey and white dog is biting the ear of a white and brown dog ., dog, biting, ear,,,
The women sit outside on the steps reading and drinking ., women, sit, reading,,,
a brown dog swimming through a lake with a stick in his mouth ., dog, through, lake,,,
A black dog finishes running down a blue and orange ramp ., dog, running, ramp,,,
A girl is taking a picture of another girl in a park ., girl, taking, picture,,,
a black puppy jumping on the back of a white puppy, puppy, on, back,,,
A girl dressed in blue enjoys a blue treat while putting her white shoe back on ., girl, enjoys, treat,,,